<?xml version="1.0" encoding="UTF-8"?><_ROOT_ EMVERSION="14.1" ORIENTATION="HORIZONTAL">
<Workspace>
<NODES>
<NODE CLASS="SASHELP.EMEXPL.CLUSTER.CLASS" COMPONENT="Cluster" ID="Clus" X="327" Y="231" DESCRIPTION="Cluster" DIAGRAMID="_ROOT_" PARENTID="" TOOLTYPE="EXPLORE" TOOLPREFIX="Clus">
<PROPERTIES Bins="100" Clusvar="_SEGMENT_" ClusvarLabel="Segment Variable" ClusvarRole="SEGMENT" MaxC="10" NominalEncoding="GLM" OrdinalEncoding="RANK" MissingInterval="DEFAULT" MissingNominal="DEFAULT" MissingOrdinal="DEFAULT" ImputationMethod="NONE" HideVariable="Y" TrainDefaults="Y" Learn="." LearnInitial="0.5" LearnFinal="0.02" LearnSteps="1000" MaxIter="10" MaxSteps="1200" XConv="0.0001" Initial="DEFAULT" Drift="N" Radius="0" Stdize="STD" Summary="N" TreeProfile="Y" ClusterGraphs="Y" NumberClusterMethod="AUTOMATIC" DistancePlot="Y" FinalMaxNum="20" AutomaticMaxNum="50" AutomaticMinNum="2" AutomaticMethod="WARD" CCCCutOff="3" ForceRun="N" RunAction="Train" Component="Cluster" LastRunMessage="Maximum target levels of 512 exceeded. Training will not be performed.">
<VariableProperties/>
<EmVariableAttributes>
<DELTA Variable="Activity_Level_hrs_per_week" AttributeName="USE" AttributeValue="Y"/>
<DELTA Variable="Activity_Level_hrs_per_week" AttributeName="REPORT" AttributeValue="Y"/>
<DELTA Variable="Age" AttributeName="USE" AttributeValue="Y"/>
<DELTA Variable="Age" AttributeName="REPORT" AttributeValue="Y"/>
<DELTA Variable="Allergies" AttributeName="USE" AttributeValue="N"/>
<DELTA Variable="BMI" AttributeName="USE" AttributeValue="Y"/>
<DELTA Variable="BMI" AttributeName="REPORT" AttributeValue="Y"/>
<DELTA Variable="Blood_Pressure" AttributeName="USE" AttributeValue="N"/>
<DELTA Variable="Chronic_Condition" AttributeName="USE" AttributeValue="N"/>
<DELTA Variable="Diet_Preference" AttributeName="USE" AttributeValue="N"/>
<DELTA Variable="Height_cm" AttributeName="USE" AttributeValue="Y"/>
<DELTA Variable="Height_cm" AttributeName="REPORT" AttributeValue="Y"/>
<DELTA Variable="Student_ID" AttributeName="USE" AttributeValue="N"/>
<DELTA Variable="Weight_kg" AttributeName="USE" AttributeValue="Y"/>
<DELTA Variable="Weight_kg" AttributeName="REPORT" AttributeValue="Y"/>
</EmVariableAttributes>
<EmTargetAttributes/>
<EmFileProperties>
<EMNOTES Type="EXTERNAL" Extension="txt">
<Data/>
</EMNOTES>
</EmFileProperties>
</PROPERTIES>
</NODE>
<NODE CLASS="SASHELP.EMEXPL.CLUSTER.CLASS" COMPONENT="Cluster" ID="Clus2" X="334" Y="312" DESCRIPTION="Cluster (User Specify - 3)" DIAGRAMID="_ROOT_" PARENTID="" TOOLTYPE="EXPLORE" TOOLPREFIX="Clus">
<PROPERTIES Bins="100" Clusvar="_SEGMENT_" ClusvarLabel="Segment Variable" ClusvarRole="SEGMENT" MaxC="3" NominalEncoding="GLM" OrdinalEncoding="RANK" MissingInterval="DEFAULT" MissingNominal="DEFAULT" MissingOrdinal="DEFAULT" ImputationMethod="NONE" HideVariable="Y" TrainDefaults="Y" Learn="." LearnInitial="0.5" LearnFinal="0.02" LearnSteps="1000" MaxIter="10" MaxSteps="1200" XConv="0.0001" Initial="DEFAULT" Drift="N" Radius="0" Stdize="STD" Summary="N" TreeProfile="Y" ClusterGraphs="Y" NumberClusterMethod="USER" DistancePlot="Y" FinalMaxNum="20" AutomaticMaxNum="50" AutomaticMinNum="2" AutomaticMethod="WARD" CCCCutOff="3" ForceRun="N" RunAction="Train" Component="Cluster">
<VariableProperties/>
<EmVariableAttributes>
<DELTA Variable="Activity_Level_hrs_per_week" AttributeName="USE" AttributeValue="Y"/>
<DELTA Variable="Activity_Level_hrs_per_week" AttributeName="REPORT" AttributeValue="Y"/>
<DELTA Variable="Age" AttributeName="USE" AttributeValue="Y"/>
<DELTA Variable="Age" AttributeName="REPORT" AttributeValue="Y"/>
<DELTA Variable="Allergies" AttributeName="USE" AttributeValue="N"/>
<DELTA Variable="BMI" AttributeName="USE" AttributeValue="Y"/>
<DELTA Variable="BMI" AttributeName="REPORT" AttributeValue="Y"/>
<DELTA Variable="Blood_Pressure" AttributeName="USE" AttributeValue="N"/>
<DELTA Variable="Chronic_Condition" AttributeName="USE" AttributeValue="N"/>
<DELTA Variable="Diet_Preference" AttributeName="USE" AttributeValue="N"/>
<DELTA Variable="Height_cm" AttributeName="USE" AttributeValue="N"/>
<DELTA Variable="Student_ID" AttributeName="USE" AttributeValue="N"/>
<DELTA Variable="Weight_kg" AttributeName="USE" AttributeValue="N"/>
</EmVariableAttributes>
<EmTargetAttributes/>
<EmFileProperties>
<EMNOTES Type="EXTERNAL" Extension="txt">
<Data/>
</EMNOTES>
</EmFileProperties>
</PROPERTIES>
</NODE>
<NODE CLASS="SASHELP.EMEXPL.CLUSTER.CLASS" COMPONENT="Cluster" ID="Clus3" X="335" Y="391" DESCRIPTION="Cluster (User Specify - 4)" DIAGRAMID="_ROOT_" PARENTID="" TOOLTYPE="EXPLORE" TOOLPREFIX="Clus">
<PROPERTIES Bins="100" Clusvar="_SEGMENT_" ClusvarLabel="Segment Variable" ClusvarRole="SEGMENT" MaxC="4" NominalEncoding="GLM" OrdinalEncoding="RANK" MissingInterval="DEFAULT" MissingNominal="DEFAULT" MissingOrdinal="DEFAULT" ImputationMethod="NONE" HideVariable="Y" TrainDefaults="Y" Learn="." LearnInitial="0.5" LearnFinal="0.02" LearnSteps="1000" MaxIter="10" MaxSteps="1200" XConv="0.0001" Initial="DEFAULT" Drift="N" Radius="0" Stdize="STD" Summary="N" TreeProfile="Y" ClusterGraphs="Y" NumberClusterMethod="USER" DistancePlot="Y" FinalMaxNum="20" AutomaticMaxNum="50" AutomaticMinNum="2" AutomaticMethod="WARD" CCCCutOff="3" ForceRun="N" RunAction="Train" Component="Cluster">
<VariableProperties/>
<EmVariableAttributes>
<DELTA Variable="Activity_Level_hrs_per_week" AttributeName="USE" AttributeValue="N"/>
<DELTA Variable="Activity_Level_hrs_per_week" AttributeName="REPORT" AttributeValue="Y"/>
<DELTA Variable="Age" AttributeName="USE" AttributeValue="N"/>
<DELTA Variable="Age" AttributeName="REPORT" AttributeValue="Y"/>
<DELTA Variable="Allergies" AttributeName="USE" AttributeValue="N"/>
<DELTA Variable="BMI" AttributeName="USE" AttributeValue="Y"/>
<DELTA Variable="BMI" AttributeName="REPORT" AttributeValue="Y"/>
<DELTA Variable="Blood_Pressure" AttributeName="USE" AttributeValue="N"/>
<DELTA Variable="Chronic_Condition" AttributeName="USE" AttributeValue="N"/>
<DELTA Variable="Diet_Preference" AttributeName="USE" AttributeValue="N"/>
<DELTA Variable="Height_cm" AttributeName="USE" AttributeValue="Y"/>
<DELTA Variable="Height_cm" AttributeName="REPORT" AttributeValue="Y"/>
<DELTA Variable="Student_ID" AttributeName="USE" AttributeValue="N"/>
<DELTA Variable="Weight_kg" AttributeName="USE" AttributeValue="Y"/>
<DELTA Variable="Weight_kg" AttributeName="REPORT" AttributeValue="Y"/>
</EmVariableAttributes>
<EmTargetAttributes/>
<EmFileProperties>
<EMNOTES Type="EXTERNAL" Extension="txt">
<Data/>
</EMNOTES>
</EmFileProperties>
</PROPERTIES>
</NODE>
<NODE CLASS="SASHELP.EMCORE.EXTENSION.CLASS" COMPONENT="FileImport" ID="FIMPORT" X="151" Y="135" DESCRIPTION="File Import" DIAGRAMID="_ROOT_" PARENTID="" TOOLTYPE="SAMPLE" TOOLPREFIX="FIMPORT">
<PROPERTIES Location="CATALOG" Catalog="SASHELP.EMSAMP.Fimport.SOURCE" ImportType="Local" GuessRows="500" Delimiter="," NameRow="Y" SkipRows="0" MaxRows="1000000" MaxCols="10" FileType="xlsx" Role="TRAIN" ForceRun="N" Summarize="N" AdvancedAdvisor="N" RunAction="Train" Component="FileImport" IFileName="\\tsclient\C\Temasek Poly Modules\Data Analytics For Business Insights\Project\Assignment_1_Task A.xlsx" AccessTable="NoTableName" UserID="NoUserID" Password="NoPassword">
<VariableProperties/>
<EmVariableAttributes/>
<EmTargetAttributes/>
<EmFileProperties>
<USERTRAINCODE Type="EXTERNAL" Extension="sas">
<Data/>
</USERTRAINCODE>
<VARIABLESETDELTA Type="EXTERNAL" Extension="txt">
<Data/>
</VARIABLESETDELTA>
<DELTACODE Type="EXTERNAL" Extension="txt">
<Data/>
</DELTACODE>
<EMNOTES Type="EXTERNAL" Extension="txt">
<Data/>
</EMNOTES>
</EmFileProperties>
</PROPERTIES>
</NODE>
<NODE CLASS="SASHELP.EMCORE.EXTENSION.CLASS" COMPONENT="Profile" ID="Prof" X="548" Y="232" DESCRIPTION="Segment Profile" DIAGRAMID="_ROOT_" PARENTID="" TOOLTYPE="ASSESS" TOOLPREFIX="Prof">
<PROPERTIES Location="CATALOG" Catalog="SASHELP.EMEXPL.PROFILE.SOURCE" DataNeeded="Y" MinWorth="0.01" MaxNumInput="10" MaxNumReport="10" NumHistBars="8" ProfileAll="N" PrintWorth="Y" UseReportVars="Y" TargetRole="NONE" OtherPercentCutOff="95" MaxDepth="1" ForceRun="N" RunAction="Train" Component="Profile">
<VariableProperties/>
<EmVariableAttributes/>
<EmTargetAttributes/>
<EmFileProperties>
<USERTRAINCODE Type="EXTERNAL" Extension="sas">
<Data/>
</USERTRAINCODE>
<EMNOTES Type="EXTERNAL" Extension="txt">
<Data/>
</EMNOTES>
</EmFileProperties>
</PROPERTIES>
</NODE>
<NODE CLASS="SASHELP.EMCORE.EXTENSION.CLASS" COMPONENT="Profile" ID="Prof2" X="537" Y="313" DESCRIPTION="Segment Profile (3)" DIAGRAMID="_ROOT_" PARENTID="" TOOLTYPE="ASSESS" TOOLPREFIX="Prof">
<PROPERTIES Location="CATALOG" Catalog="SASHELP.EMEXPL.PROFILE.SOURCE" DataNeeded="Y" MinWorth="0.01" MaxNumInput="10" MaxNumReport="10" NumHistBars="8" ProfileAll="N" PrintWorth="Y" UseReportVars="Y" TargetRole="NONE" OtherPercentCutOff="95" MaxDepth="1" ForceRun="N" RunAction="Train" Component="Profile">
<VariableProperties/>
<EmTargetAttributes/>
<EmVariableAttributes/>
<EmFileProperties>
<USERTRAINCODE Type="EXTERNAL" Extension="sas">
<Data/>
</USERTRAINCODE>
<EMNOTES Type="EXTERNAL" Extension="txt">
<Data/>
</EMNOTES>
</EmFileProperties>
</PROPERTIES>
</NODE>
<NODE CLASS="SASHELP.EMCORE.EXTENSION.CLASS" COMPONENT="Profile" ID="Prof3" X="535" Y="394" DESCRIPTION="Segment Profile (4)" DIAGRAMID="_ROOT_" PARENTID="" TOOLTYPE="ASSESS" TOOLPREFIX="Prof">
<PROPERTIES Location="CATALOG" Catalog="SASHELP.EMEXPL.PROFILE.SOURCE" DataNeeded="Y" MinWorth="0.01" MaxNumInput="10" MaxNumReport="10" NumHistBars="8" ProfileAll="N" PrintWorth="Y" UseReportVars="Y" TargetRole="NONE" OtherPercentCutOff="95" MaxDepth="1" ForceRun="N" RunAction="Train" Component="Profile">
<VariableProperties/>
<EmVariableAttributes/>
<EmTargetAttributes/>
<EmFileProperties>
<USERTRAINCODE Type="EXTERNAL" Extension="sas">
<Data/>
</USERTRAINCODE>
<EMNOTES Type="EXTERNAL" Extension="txt">
<Data/>
</EMNOTES>
</EmFileProperties>
</PROPERTIES>
</NODE>
<NODE CLASS="SASHELP.EMEXPL.STATEXPLORE.CLASS" COMPONENT="StatExplore" ID="Stat2" X="331" Y="134" DESCRIPTION="StatExplore" DIAGRAMID="_ROOT_" PARENTID="" TOOLTYPE="EXPLORE" TOOLPREFIX="Stat">
<PROPERTIES BySegment="N" Correlation="Y" Spearman="N" Pearson="Y" ChiSquare="Y" ChiSquareInterval="N" ChiSquareIntervalNBins="5" MaximumVars="10000" HideVariable="Y" DropRejected="Y" UseValidate="N" UseTest="N" UseScore="N" NObs="ALL" IntervalDistribution="Y" ClassDistribution="Y" LevelSummary="Y" ForceRun="N" RunAction="Train" Component="StatExplore">
<VariableProperties/>
<EmVariableAttributes/>
<EmTargetAttributes/>
<EmFileProperties>
<CROSSTAB Type="DATA">
<Data/>
<Metadata/>
</CROSSTAB>
<EMNOTES Type="EXTERNAL" Extension="txt">
<Data/>
</EMNOTES>
</EmFileProperties>
</PROPERTIES>
</NODE>
</NODES>
<CONNECTIONS>
<CONNECTION FROM="FIMPORT" TO="Stat2"/>
<CONNECTION FROM="FIMPORT" TO="Clus"/>
<CONNECTION FROM="FIMPORT" TO="Clus2"/>
<CONNECTION FROM="FIMPORT" TO="Clus3"/>
<CONNECTION FROM="Clus" TO="Prof"/>
<CONNECTION FROM="Clus2" TO="Prof2"/>
<CONNECTION FROM="Clus3" TO="Prof3"/>
</CONNECTIONS>
<NOTES>
<DATA><![CDATA[

]]>
</DATA>
</NOTES>
</Workspace>
</_ROOT_>
